${UserName};${Password};
gobinda.cemk07@gmail.com;${EMPTY};
gobinda.cemk07@gmail.com;hfdfhjdhdfg;
${EMPTY};Test123;
gobinda@gmail.com;Test123;
gobinda@gmail.com;kdfgrhefg;
gobinda.cemk07@gmail.com;Test123;
ggg@mmm.com;Test123;
aaa@sss.com;Test123;
1112@222.com;kjfhiodhfig;
jgfjdh@efjie.com;dgfgfgfgfgfgfgfgfggffffffffffffffffffffffffffffffffffffffffffffffffffffffffffffffffffffffffffffffffffffffffffffffffffffffffffffffffffffffffffffffffffffffffffffffffffffffffffffffffffffffffffffffffffffffffffffffffffffffffffffffffffffffffffffffffffffffffffffffffffffffffffffffffffffffffffffffffffffffffffffffffffffffffffffffffffffffffffffffffffffffffffffffffffffffffffffffffffffffffffffffffffffffffffffffffffffffffffffffffffffffffffffffffffffffffffffffffffffffffffffffffffffffffffffffffffffffffffffffffffffffffffffffffffffffffffffffffffffffffffffffffffffffffffffffffffffffffffffffffffffffffffffffffffffffffffffffffffffffffffffffffffffffffffffffffffffffffffffffffffffffffffffffffffffffffffffffffffffffffffffffffffffffffffffffffffffffffffffffffffffffffffffffffffffffffffffffffffffffffffffffffffffffffffffffffffffffffffffffffffffffffffffffffffff;
a@b.c;a;
asdfghjkl@qwertyuiop.com;1